{
  "model": "mock-keyword-heuristic",
  "provider": "mock",
  "n_examples": 1475,
  "macro_f1": 0.4115,
  "per_category": {
    "Governing Law": {
      "precision": 0.5350877192982456,
      "recall": 0.9838709677419355,
      "f1-score": 0.6931818181818182,
      "support": 62.0
    },
    "Anti-Assignment": {
      "precision": 0.5,
      "recall": 0.04918032786885246,
      "f1-score": 0.08955223880597014,
      "support": 61.0
    },
    "Cap On Liability": {
      "precision": 0.2808988764044944,
      "recall": 0.423728813559322,
      "f1-score": 0.33783783783783783,
      "support": 59.0
    },
    "License Grant": {
      "precision": 0.6875,
      "recall": 0.5445544554455446,
      "f1-score": 0.6077348066298343,
      "support": 101.0
    },
    "Audit Rights": {
      "precision": 0.8181818181818182,
      "recall": 0.7058823529411765,
      "f1-score": 0.7578947368421053,
      "support": 51.0
    },
    "Termination For Convenience": {
      "precision": 0.2857142857142857,
      "recall": 0.2608695652173913,
      "f1-score": 0.2727272727272727,
      "support": 23.0
    },
    "Exclusivity": {
      "precision": 0.20238095238095238,
      "recall": 0.4722222222222222,
      "f1-score": 0.2833333333333333,
      "support": 36.0
    },
    "Renewal Term": {
      "precision": 0.5185185185185185,
      "recall": 0.45161290322580644,
      "f1-score": 0.4827586206896552,
      "support": 31.0
    },
    "Insurance": {
      "precision": 0.7407407407407407,
      "recall": 0.8695652173913043,
      "f1-score": 0.8,
      "support": 23.0
    },
    "Ip Ownership Assignment": {
      "precision": 0.2222222222222222,
      "recall": 0.05714285714285714,
      "f1-score": 0.09090909090909091,
      "support": 35.0
    },
    "Change Of Control": {
      "precision": 0.35714285714285715,
      "recall": 0.37037037037037035,
      "f1-score": 0.36363636363636365,
      "support": 27.0
    },
    "Non-Compete": {
      "precision": 0.5,
      "recall": 0.1111111111111111,
      "f1-score": 0.18181818181818182,
      "support": 27.0
    },
    "Uncapped Liability": {
      "precision": 0.125,
      "recall": 0.045454545454545456,
      "f1-score": 0.06666666666666667,
      "support": 22.0
    },
    "Revenue/Profit Sharing": {
      "precision": 0.34615384615384615,
      "recall": 0.3333333333333333,
      "f1-score": 0.33962264150943394,
      "support": 54.0
    },
    "None": {
      "precision": 0.7965909090909091,
      "recall": 0.8122827346465817,
      "f1-score": 0.8043602983362019,
      "support": 863.0
    }
  },
  "cost": {
    "total_input_tokens": 0,
    "total_output_tokens": 0,
    "cost_usd_this_run": 0.0,
    "cost_usd_per_1k_contracts": 0.0,
    "avg_latency_s": 0.0
  },
  "errors": []
}