{
  "model": "claude-haiku-4-5",
  "provider": "anthropic",
  "n_examples": 1475,
  "macro_f1": 0.687,
  "per_category": {
    "Governing Law": {
      "precision": 0.9032258064516129,
      "recall": 0.9032258064516129,
      "f1-score": 0.9032258064516129,
      "support": 62.0
    },
    "Anti-Assignment": {
      "precision": 0.7936507936507936,
      "recall": 0.819672131147541,
      "f1-score": 0.8064516129032258,
      "support": 61.0
    },
    "Cap On Liability": {
      "precision": 0.639344262295082,
      "recall": 0.6610169491525424,
      "f1-score": 0.65,
      "support": 59.0
    },
    "License Grant": {
      "precision": 0.8217821782178217,
      "recall": 0.8217821782178217,
      "f1-score": 0.8217821782178217,
      "support": 101.0
    },
    "Audit Rights": {
      "precision": 0.6052631578947368,
      "recall": 0.9019607843137255,
      "f1-score": 0.7244094488188977,
      "support": 51.0
    },
    "Termination For Convenience": {
      "precision": 0.53125,
      "recall": 0.7391304347826086,
      "f1-score": 0.6181818181818182,
      "support": 23.0
    },
    "Exclusivity": {
      "precision": 0.5483870967741935,
      "recall": 0.4722222222222222,
      "f1-score": 0.5074626865671642,
      "support": 36.0
    },
    "Renewal Term": {
      "precision": 0.875,
      "recall": 0.9032258064516129,
      "f1-score": 0.8888888888888888,
      "support": 31.0
    },
    "Insurance": {
      "precision": 0.8695652173913043,
      "recall": 0.8695652173913043,
      "f1-score": 0.8695652173913043,
      "support": 23.0
    },
    "Ip Ownership Assignment": {
      "precision": 0.5254237288135594,
      "recall": 0.8857142857142857,
      "f1-score": 0.6595744680851063,
      "support": 35.0
    },
    "Change Of Control": {
      "precision": 0.5588235294117647,
      "recall": 0.7037037037037037,
      "f1-score": 0.6229508196721312,
      "support": 27.0
    },
    "Non-Compete": {
      "precision": 0.6842105263157895,
      "recall": 0.48148148148148145,
      "f1-score": 0.5652173913043478,
      "support": 27.0
    },
    "Uncapped Liability": {
      "precision": 0.0,
      "recall": 0.0,
      "f1-score": 0.0,
      "support": 22.0
    },
    "Revenue/Profit Sharing": {
      "precision": 0.6911764705882353,
      "recall": 0.8703703703703703,
      "f1-score": 0.7704918032786885,
      "support": 54.0
    },
    "None": {
      "precision": 0.9249692496924969,
      "recall": 0.8713789107763615,
      "f1-score": 0.8973747016706444,
      "support": 863.0
    }
  },
  "cost": {
    "total_input_tokens": 1159989,
    "total_output_tokens": 7521,
    "cost_usd_this_run": 0.9581,
    "cost_usd_per_1k_contracts": 12.99,
    "avg_latency_s": 1.488
  },
  "errors": []
}