{
  "model": "claude-haiku-4-5",
  "provider": "anthropic",
  "n_examples": 1475,
  "macro_f1": 0.6908,
  "per_category": {
    "Governing Law": {
      "precision": 0.875,
      "recall": 0.9032258064516129,
      "f1-score": 0.8888888888888888,
      "support": 62.0
    },
    "Anti-Assignment": {
      "precision": 0.7868852459016393,
      "recall": 0.7868852459016393,
      "f1-score": 0.7868852459016393,
      "support": 61.0
    },
    "Cap On Liability": {
      "precision": 0.6491228070175439,
      "recall": 0.6271186440677966,
      "f1-score": 0.6379310344827587,
      "support": 59.0
    },
    "License Grant": {
      "precision": 0.803921568627451,
      "recall": 0.8118811881188119,
      "f1-score": 0.8078817733990148,
      "support": 101.0
    },
    "Audit Rights": {
      "precision": 0.618421052631579,
      "recall": 0.9215686274509803,
      "f1-score": 0.7401574803149606,
      "support": 51.0
    },
    "Termination For Convenience": {
      "precision": 0.5,
      "recall": 0.782608695652174,
      "f1-score": 0.6101694915254238,
      "support": 23.0
    },
    "Exclusivity": {
      "precision": 0.5483870967741935,
      "recall": 0.4722222222222222,
      "f1-score": 0.5074626865671642,
      "support": 36.0
    },
    "Renewal Term": {
      "precision": 0.9032258064516129,
      "recall": 0.9032258064516129,
      "f1-score": 0.9032258064516129,
      "support": 31.0
    },
    "Insurance": {
      "precision": 0.8333333333333334,
      "recall": 0.8695652173913043,
      "f1-score": 0.851063829787234,
      "support": 23.0
    },
    "Ip Ownership Assignment": {
      "precision": 0.5333333333333333,
      "recall": 0.9142857142857143,
      "f1-score": 0.6736842105263158,
      "support": 35.0
    },
    "Change Of Control": {
      "precision": 0.5454545454545454,
      "recall": 0.6666666666666666,
      "f1-score": 0.6,
      "support": 27.0
    },
    "Non-Compete": {
      "precision": 0.6363636363636364,
      "recall": 0.5185185185185185,
      "f1-score": 0.5714285714285714,
      "support": 27.0
    },
    "Uncapped Liability": {
      "precision": 0.25,
      "recall": 0.09090909090909091,
      "f1-score": 0.13333333333333333,
      "support": 22.0
    },
    "Revenue/Profit Sharing": {
      "precision": 0.6764705882352942,
      "recall": 0.8518518518518519,
      "f1-score": 0.7540983606557377,
      "support": 54.0
    },
    "None": {
      "precision": 0.9301745635910225,
      "recall": 0.8644264194669756,
      "f1-score": 0.8960960960960961,
      "support": 863.0
    }
  },
  "cost": {
    "total_input_tokens": 1258814,
    "total_output_tokens": 7563,
    "cost_usd_this_run": 1.0373,
    "cost_usd_per_1k_contracts": 14.07,
    "avg_latency_s": 2.051
  },
  "errors": []
}